{
    "config": {
        "crypto-currencies": {
            "Bitcoin": {
                "enabled": true,
                "pairs": [
                    "BTC/USDT"
                ]
            }
        },
        "exchanges": {
            "ascendex": {
                "enabled": false
            },
            "binance": {
                "enabled": false
            },
            "bitbay": {
                "enabled": false
            },
            "bittrex": {
                "enabled": false
            },
            "btcturk": {
                "enabled": false
            },
            "bybit": {
                "enabled": false
            },
            "coinbasepro": {
                "enabled": false
            },
            "ftx": {
                "enabled": false
            },
            "gateio": {
                "enabled": false
            },
            "huobi": {
                "enabled": false
            },
            "huobipro": {
                "enabled": false
            },
            "kraken": {
                "enabled": false
            },
            "kucoin": {
                "enabled": false
            },
            "okex": {
                "enabled": true
            }
        },
        "trader": {
            "enabled": true,
            "load-trade-history": false
        },
        "trader-simulator": {
            "enabled": false,
            "fees": {
                "maker": 0.1,
                "taker": 0.1
            },
            "starting-portfolio": {
                "BTC": 10,
                "USDT": 1000
            }
        },
        "trading": {
            "reference-market": "USDT",
            "risk": 0.5
        }
    },
    "profile": {
        "avatar": "default_profile.png",
        "description": "TradingViewSignalsTrading is a profile configured to react on signals from tradingview.com. It requires to setup a trading view pro account and a webhook service. See how to configure at : https://docs.octobot.online/pages/TradingView-webhook.html.",
        "id": "60a8ac8b-c011-41cd-ad2b-af37c60572c5",
        "name": "TradingView Signals Trading_real",
        "read_only": false
    }
}