{
    "config": {
        "crypto-currencies": {
            "Binance Coin": {
                "enabled": true,
                "pairs": [
                    "BNB/USDT"
                ]
            },
            "Bitcoin": {
                "enabled": true,
                "pairs": [
                    "BTC/USDT"
                ]
            },
            "Bitcoin Cash": {
                "enabled": true,
                "pairs": [
                    "BCH/USDT"
                ]
            },
            "Cardano": {
                "enabled": true,
                "pairs": [
                    "ADA/USDT"
                ]
            },
            "Chainlink": {
                "enabled": true,
                "pairs": [
                    "LINK/USDT"
                ]
            },
            "EOS": {
                "enabled": true,
                "pairs": [
                    "EOS/USDT"
                ]
            },
            "Ethereum": {
                "enabled": true,
                "pairs": [
                    "ETH/USDT"
                ]
            },
            "Harmony": {
                "enabled": true,
                "pairs": [
                    "ONE/BTC",
                    "ONE/USDT"
                ]
            },
            "Holo": {
                "enabled": true,
                "pairs": [
                    "HOT/USDT"
                ]
            },
            "Internet Computer": {
                "enabled": true,
                "pairs": [
                    "ICP/USDT"
                ]
            },
            "Litecoin": {
                "enabled": true,
                "pairs": [
                    "LTC/USDT"
                ]
            },
            "Polkadot": {
                "enabled": true,
                "pairs": [
                    "DOT/BTC"
                ]
            },
            "Polygon": {
                "enabled": true,
                "pairs": [
                    "MATIC/BTC",
                    "MATIC/USDT"
                ]
            },
            "Solana": {
                "enabled": true,
                "pairs": [
                    "SOL/BTC"
                ]
            },
            "Stellar": {
                "enabled": true,
                "pairs": [
                    "XLM/USDT"
                ]
            },
            "TRON": {
                "enabled": true,
                "pairs": [
                    "TRX/BTC"
                ]
            },
            "Theta Fuel": {
                "pairs": [
                    "TFUEL/USDT"
                ]
            },
            "Theta Network": {
                "enabled": true,
                "pairs": [
                    "THETA/USDT"
                ]
            },
            "Uniswap": {
                "enabled": true,
                "pairs": [
                    "UNI/USDT"
                ]
            },
            "VeChain": {
                "enabled": true,
                "pairs": [
                    "VET/BTC",
                    "VET/USDT"
                ]
            },
            "XRP": {
                "enabled": true,
                "pairs": [
                    "XRP/BTC",
                    "XRP/USDT"
                ]
            }
        },
        "exchanges": {
            "ascendex": {
                "enabled": false
            },
            "binance": {
                "enabled": true
            },
            "bitbay": {
                "enabled": false
            },
            "bittrex": {
                "enabled": false
            },
            "btcturk": {
                "enabled": false
            },
            "bybit": {
                "enabled": false
            },
            "coinbasepro": {
                "enabled": false
            },
            "ftx": {
                "enabled": false
            },
            "kraken": {
                "enabled": false
            },
            "kucoin": {
                "enabled": false
            }
        },
        "trader": {
            "enabled": false,
            "load-trade-history": true
        },
        "trader-simulator": {
            "enabled": true,
            "fees": {
                "maker": 0.1,
                "taker": 0.1
            },
            "starting-portfolio": {
                "AAVE": 1000,
                "ADA": 1000,
                "BCH": 10,
                "BNB": 1000,
                "BTC": 0.1,
                "DOT": 1000,
                "EOS": 1000,
                "ETH": 1,
                "HOT": 1000,
                "LINK": 1000,
                "LTC": 1000,
                "MATIC": 1000,
                "ONCE": 1000,
                "SOL": 1000,
                "TFUEL": 1000,
                "THETA": 1000,
                "TRX": 1000,
                "UNI": 1000,
                "USDT": 1000,
                "VET": 1000,
                "XLM": 1000,
                "XRP": 1000
            }
        },
        "trading": {
            "reference-market": "USDT",
            "risk": 0.5
        }
    },
    "profile": {
        "avatar": "default_profile.png",
        "description": "OctoBot default profile.",
        "id": "606d5ec1-c9db-4d8c-b01a-05aa4902534d",
        "name": "val default_(copy)",
        "read_only": false
    }
}