{
    "config": {
        "crypto-currencies": {
            "Aave": {
                "enabled": true,
                "pairs": [
                    "AAVE/BTC",
                    "AAVE/USDT"
                ]
            },
            "Basic Attention Token": {
                "enabled": true,
                "pairs": [
                    "BAT/BTC",
                    "BAT/USDT"
                ]
            },
            "Binance Coin": {
                "enabled": true,
                "pairs": [
                    "BNB/BTC",
                    "BNB/USDT"
                ]
            },
            "BitTorrent": {
                "enabled": true,
                "pairs": [
                    "BTT/BTC",
                    "BTT/USDT"
                ]
            },
            "Bitcoin": {
                "enabled": true,
                "pairs": [
                    "BTC/USDT"
                ]
            },
            "Bitcoin Cash": {
                "enabled": true,
                "pairs": [
                    "BCH/BTC",
                    "BCH/USDT"
                ]
            },
            "Cardano": {
                "enabled": true,
                "pairs": [
                    "ADA/BTC",
                    "ADA/USDT"
                ]
            },
            "Chainlink": {
                "enabled": true,
                "pairs": [
                    "LINK/BTC",
                    "LINK/USDT"
                ]
            },
            "Cosmos": {
                "enabled": true,
                "pairs": [
                    "ATOM/BTC",
                    "ATOM/USDT"
                ]
            },
            "Curve DAO Token": {
                "enabled": true,
                "pairs": [
                    "CRV/BTC",
                    "CRV/USDT"
                ]
            },
            "Dash": {
                "enabled": true,
                "pairs": [
                    "DASH/BTC",
                    "DASH/USDT"
                ]
            },
            "Dogecoin": {
                "enabled": true,
                "pairs": [
                    "DOGE/BTC",
                    "DOGE/USDT"
                ]
            },
            "EOS": {
                "enabled": true,
                "pairs": [
                    "EOS/BTC",
                    "EOS/USDT"
                ]
            },
            "Ethereum": {
                "enabled": true,
                "pairs": [
                    "ETH/BTC",
                    "ETH/USDT"
                ]
            },
            "Ethereum Classic": {
                "enabled": true,
                "pairs": [
                    "ETC/BTC",
                    "ETC/USDT"
                ]
            },
            "Filecoin": {
                "enabled": true,
                "pairs": [
                    "FIL/BTC",
                    "FIL/USDT"
                ]
            },
            "Kava.io": {
                "enabled": true,
                "pairs": [
                    "KAVA/BTC",
                    "KAVA/USDT"
                ]
            },
            "Kusama": {
                "enabled": true,
                "pairs": [
                    "KSM/BTC",
                    "KSM/USDT"
                ]
            },
            "Litecoin": {
                "enabled": true,
                "pairs": [
                    "LTC/BTC",
                    "LTC/USDT"
                ]
            },
            "Monero": {
                "enabled": true,
                "pairs": [
                    "XMR/BTC",
                    "XMR/USDT"
                ]
            },
            "NEO": {
                "enabled": true,
                "pairs": [
                    "NEO/BTC",
                    "NEO/USDT"
                ]
            },
            "OMG Network": {
                "enabled": true,
                "pairs": [
                    "OMG/BTC",
                    "OMG/USDT"
                ]
            },
            "PancakeSwap": {
                "enabled": true,
                "pairs": [
                    "CAKE/BTC",
                    "CAKE/USDT"
                ]
            },
            "Polkadot": {
                "enabled": true,
                "pairs": [
                    "DOT/BTC",
                    "DOT/USDT"
                ]
            },
            "Polygon": {
                "enabled": true,
                "pairs": [
                    "MATIC/BTC",
                    "MATIC/USDT"
                ]
            },
            "Qtum": {
                "enabled": true,
                "pairs": [
                    "QTUM/BTC",
                    "QTUM/USDT"
                ]
            },
            "Shiba Inu": {
                "enabled": true,
                "pairs": [
                    "SHIB/USDT"
                ]
            },
            "Solana": {
                "enabled": true,
                "pairs": [
                    "SOL/BTC",
                    "SOL/USDT"
                ]
            },
            "Stellar": {
                "enabled": true,
                "pairs": [
                    "XLM/BTC",
                    "XLM/USDT"
                ]
            },
            "Sushi": {
                "enabled": true,
                "pairs": [
                    "SUSHI/BTC",
                    "SUSHI/USDT"
                ]
            },
            "TRON": {
                "enabled": true,
                "pairs": [
                    "TRX/BTC",
                    "TRX/USDT"
                ]
            },
            "Terra": {
                "enabled": true,
                "pairs": [
                    "LUNA/BTC",
                    "LUNA/USDT"
                ]
            },
            "Theta Network": {
                "enabled": true,
                "pairs": [
                    "THETA/BTC",
                    "THETA/USDT"
                ]
            },
            "Uniswap": {
                "enabled": true,
                "pairs": [
                    "UNI/BTC",
                    "UNI/USDT"
                ]
            },
            "VeChain": {
                "enabled": true,
                "pairs": [
                    "VET/BTC",
                    "VET/USDT"
                ]
            },
            "XRP": {
                "enabled": true,
                "pairs": [
                    "XRP/BTC",
                    "XRP/USDT"
                ]
            },
            "Zcash": {
                "enabled": true,
                "pairs": [
                    "ZEC/BTC",
                    "ZEC/USDT"
                ]
            },
            "yearn.finance": {
                "enabled": true,
                "pairs": [
                    "YFI/BTC",
                    "YFI/USDT"
                ]
            }
        },
        "exchanges": {
            "ascendex": {
                "enabled": false
            },
            "binance": {
                "enabled": true
            },
            "bittrex": {
                "enabled": false
            },
            "btcturk": {
                "enabled": false
            },
            "bybit": {
                "enabled": false
            },
            "coinbasepro": {
                "enabled": false
            },
            "ftx": {
                "enabled": false
            },
            "kraken": {
                "enabled": false
            },
            "kucoin": {
                "enabled": false
            }
        },
        "trader": {
            "enabled": false,
            "load-trade-history": false
        },
        "trader-simulator": {
            "enabled": true,
            "fees": {
                "maker": 0.1,
                "taker": 0.1
            },
            "starting-portfolio": {
                "BTC": 0.01,
                "USDT": 0
            }
        },
        "trading": {
            "reference-market": "USDT",
            "risk": 0.5
        }
    },
    "profile": {
        "avatar": "default_profile.png",
        "description": "DipAnalyser is a profile adapted to volatile markets. It will look for local market bottoms, weight them and buy these bottoms. It never sells except after a buy order is filled.",
        "id": "d588802b-d64f-492b-8d40-3512e4b20299",
        "name": "Dipten A1r",
        "read_only": false
    }
}