{
    "buy_with_maximum_size_orders": true,
    "close_to_current_price_difference": 0.005,
    "default_config": [
        "SimpleStrategyEvaluator"
    ],
    "disable_buy_orders": false,
    "disable_sell_orders": false,
    "required_strategies": [
        "SimpleStrategyEvaluator",
        "TechnicalAnalysisStrategyEvaluator"
    ],
    "required_strategies_min_count": 1,
    "sell_with_maximum_size_orders": true,
    "use_prices_close_to_current_price": false,
    "use_stop_orders": true
}