{
    "config": {
        "crypto-currencies": {
            "Bitcoin": {
                "enabled": true,
                "pairs": [
                    "BTC/USDT"
                ]
            }
        },
        "exchanges": {
            "binance": {
                "enabled": true
            }
        },
        "trader": {
            "enabled": false,
            "load-trade-history": false
        },
        "trader-simulator": {
            "enabled": true,
            "fees": {
                "maker": 0.1,
                "taker": 0.1
            },
            "starting-portfolio": {
                "BTC": 10,
                "USDT": 1000
            }
        },
        "trading": {
            "reference-market": "USDT",
            "risk": 0.5
        }
    },
    "profile": {
        "avatar": "default_profile.png",
        "description": "Simple DCA (Dollar cost averaging) is a profile that can help you lower the amount you pay for investments and minimize risk. Instead of purchasing investments at a single price point, with dollar cost averaging you buy in smaller amounts at regular intervals, regardless of price. Over the long term, dollar cost averaging can help lower your investment costs and boost your returns.\n\n**When using default configuration**, DCA Trading mode will buy 50$ (or unit of reference market) each week.\n\nDCA Trading mode creates buying limit order at pair current price - 0.1%. \n",
        "id": "simple_dca",
        "name": "Simple DCA",
        "read_only": true
    }
}