{
    "config": {
        "crypto-currencies": {
            "Binance Coin": {
                "enabled": true,
                "pairs": [
                    "BNB/BTC",
                    "BNB/BUSD",
                    "BNB/ETH"
                ]
            },
            "Binance-Peg Cardano": {
                "enabled": true,
                "pairs": [
                    "ADA/BNB",
                    "ADA/BUSD"
                ]
            },
            "Binance-Peg EOS": {
                "enabled": true,
                "pairs": [
                    "EOS/BNB",
                    "EOS/BUSD"
                ]
            },
            "Binance-Peg XRP": {
                "enabled": true,
                "pairs": [
                    "XRP/BNB",
                    "XRP/BUSD"
                ]
            },
            "Burger Swap": {
                "enabled": true,
                "pairs": [
                    "BURGER/BNB",
                    "BURGER/BUSD"
                ]
            },
            "Maker": {
                "enabled": true,
                "pairs": [
                    "MKR/BNB",
                    "MKR/BUSD"
                ]
            },
            "Polygon": {
                "enabled": true,
                "pairs": [
                    "MATIC/BNB",
                    "MATIC/BUSD"
                ]
            },
            "Prometeus": {
                "enabled": true,
                "pairs": [
                    "PROM/BNB",
                    "PROM/BUSD"
                ]
            },
            "Shiba Inu": {
                "enabled": true,
                "pairs": [
                    "SHIB/BUSD"
                ]
            },
            "Sushi": {
                "enabled": true,
                "pairs": [
                    "SUSHI/BNB",
                    "SUSHI/BUSD"
                ]
            },
            "Terra": {
                "enabled": true,
                "pairs": [
                    "LUNA/BNB",
                    "LUNA/BUSD"
                ]
            },
            "VeChain": {
                "enabled": true,
                "pairs": [
                    "VET/BNB",
                    "VET/BUSD"
                ]
            }
        },
        "exchanges": {
            "ascendex": {
                "enabled": false
            },
            "binance": {
                "enabled": true
            },
            "bitbay": {
                "enabled": false
            },
            "bittrex": {
                "enabled": false
            },
            "btcturk": {
                "enabled": false
            },
            "bybit": {
                "enabled": false
            },
            "coinbasepro": {
                "enabled": false
            },
            "ftx": {
                "enabled": false
            },
            "kraken": {
                "enabled": false
            },
            "kucoin": {
                "enabled": false
            }
        },
        "trader": {
            "enabled": true,
            "load-trade-history": false
        },
        "trader-simulator": {
            "enabled": false,
            "fees": {
                "maker": 0.1,
                "taker": 0.1
            },
            "starting-portfolio": {
                "BTC": 10,
                "USDT": 1000
            }
        },
        "trading": {
            "reference-market": "BNB",
            "risk": 0.8
        }
    },
    "profile": {
        "avatar": "default_profile.png",
        "description": "DailyTrading is a low risk versatile profile that catches buy and sell opportunities using RSI and moving average indicators.",
        "id": "703c354b-cba2-4cdf-b999-80aede2f9c1e",
        "name": "DailyTrading",
        "read_only": true
    }
}