{
    "installation_context": {
        "octobot_version": "0.4.0b17"
    },
    "registered_tentacles": {
        "OctoBot-Default-Tentacles": "https://tentacles.octobot.online/repository/tentacles/officials/packages/full/base/latest/any_platform.zip",
        "Valentin&Co": "https://tentacles.octobot.online/repository/tentacles/officials/packages/full/base/latest/any_platform.zip"
    },
    "tentacle_activation": {
        "Backtesting": {
            "ExchangeHistoryDataCollector": true,
            "ExchangeLiveDataCollector": true,
            "GenericExchangeDataImporter": true,
            "LegacyDataConverter": true
        },
        "Evaluator": {
            "ADXMomentumEvaluator": false,
            "BBMomentumEvaluator": false,
            "BollingerBands": false,
            "CandlesUtil": true,
            "CryptoCoinersStrategyEvaluator": false,
            "DeathAndGoldenCrossEvaluator": false,
            "DipAnalyserStrategyEvaluator": false,
            "DoubleMovingAverageTrendEvaluator": true,
            "EMADivergenceTrendEvaluator": false,
            "GoogleTrendsEvaluator": false,
            "InstantFluctuationsEvaluator": false,
            "InstantMAEvaluator": false,
            "KlingerOscillatorMomentumEvaluator": false,
            "KlingerOscillatorReversalConfirmationMomentumEvaluator": false,
            "MACDMomentumEvaluator": false,
            "MoveSignalsStrategyEvaluator": false,
            "OverallStateAnalyser": true,
            "PatternAnalyser": true,
            "PriceDifference": false,
            "RSIMomentumEvaluator": true,
            "RSIWeightMomentumEvaluator": false,
            "RedditForumEvaluator": false,
            "SimpleStrategyEvaluator": true,
            "StatisticAnalysis": true,
            "StochasticRSI": false,
            "StochasticRSIVolatilityEvaluator": false,
            "TechnicalAnalysisStrategyEvaluator": false,
            "TelegramChannelSignalEvaluator": false,
            "TelegramSignalEvaluator": false,
            "TextAnalysis": true,
            "TrendAnalysis": true,
            "TwitterNewsEvaluator": false,
            "VolumeDifference": false
        },
        "Services": {
            "GoogleService": true,
            "GoogleServiceFeed": true,
            "RedditService": true,
            "RedditServiceFeed": true,
            "TelegramApiService": true,
            "TelegramApiServiceFeed": true,
            "TelegramBotInterface": true,
            "TelegramNotifier": true,
            "TelegramService": true,
            "TelegramServiceFeed": true,
            "TradingViewService": true,
            "TradingViewServiceFeed": true,
            "TwitterNotifier": true,
            "TwitterService": true,
            "TwitterServiceFeed": true,
            "WebHookService": true,
            "WebInterface": true,
            "WebNotifier": true,
            "WebService": true
        },
        "Trading": {
            "ArbitrageTradingMode": false,
            "AscendEx": true,
            "AscendexCryptofeedWebsocketConnector": true,
            "Binance": true,
            "BinanceCryptofeedWebsocketConnector": true,
            "BinanceUS": true,
            "BinanceUSWebsocketFeedConnector": true,
            "Bitfinex": true,
            "Bithumb": true,
            "Bitmex": true,
            "Bitstamp": true,
            "Bittrex": true,
            "CoinbasePro": true,
            "CoinbaseProCryptofeedWebsocketConnector": true,
            "Crex24": true,
            "CryptoCoinersTradingMode": false,
            "DCATradingMode": false,
            "DailyTradingMode": true,
            "DefaultCCXTSpotExchange": true,
            "DipAnalyserTradingMode": false,
            "FTX": true,
            "FTXCryptofeedWebsocketConnector": true,
            "GateIOCryptofeedWebsocketConnector": true,
            "GridTradingMode": false,
            "Hitbtc": true,
            "HuobiCryptofeedWebsocketConnector": true,
            "Kraken": true,
            "Kucoin": true,
            "KucoinCryptofeedWebsocketConnector": true,
            "OKExCryptofeedWebsocketConnector": true,
            "Okex": true,
            "SignalTradingMode": false,
            "StaggeredOrdersTradingMode": false,
            "TradingViewSignalsTradingMode": false,
            "WavesExchange": true
        }
    }
}