{
    "config": {
        "crypto-currencies": {
            "Bitcoin": {
                "enabled": true,
                "pairs": [
                    "BTC/USDT"
                ]
            },
            "Ethereum": {
                "enabled": true,
                "pairs": [
                    "ETH/USDT"
                ]
            }
        },
        "exchanges": {
            "ascendex": {
                "enabled": false
            },
            "binance": {
                "enabled": true
            },
            "bitbay": {
                "enabled": false
            },
            "bittrex": {
                "enabled": false
            },
            "btcturk": {
                "enabled": false
            },
            "bybit": {
                "enabled": false
            },
            "coinbasepro": {
                "enabled": false
            },
            "ftx": {
                "enabled": false
            },
            "gateio": {
                "enabled": false
            },
            "huobi": {
                "enabled": false
            },
            "huobipro": {
                "enabled": false
            },
            "kraken": {
                "enabled": false
            },
            "kucoin": {
                "enabled": false
            }
        },
        "trader": {
            "enabled": false,
            "load-trade-history": false
        },
        "trader-simulator": {
            "enabled": true,
            "fees": {
                "maker": 0.1,
                "taker": 0.1
            },
            "starting-portfolio": {
                "BTC": 10,
                "USDT": 1000
            }
        },
        "trading": {
            "reference-market": "USDT",
            "risk": 0.5
        }
    },
    "profile": {
        "avatar": "default_profile.png",
        "description": "DailyTrading is a low risk versatile profile that catches buy and sell opportunities using RSI and moving average indicators.",
        "id": "f4fd6e5a-d4bf-4cb4-9fe7-493a60432629",
        "name": "DailyTrading_(copy)",
        "read_only": false
    }
}