{
    "config": {
        "crypto-currencies": {
            "0cash": {
                "enabled": true,
                "pairs": [
                    "FFF/SSS"
                ]
            },
            "0x": {
                "enabled": true,
                "pairs": [
                    "ZRX/USDT"
                ]
            },
            "Bitcoin": {
                "enabled": true,
                "pairs": [
                    "1INCH/BTC"
                ]
            },
            "Bittorent": {
                "enabled": true,
                "pairs": [
                    "BTT/BTC",
                    "BTT/BUSD"
                ]
            }
        },
        "exchanges": {
            "ascendex": {
                "enabled": false
            },
            "binance": {
                "enabled": true
            },
            "bitbay": {
                "enabled": false
            },
            "bittrex": {
                "enabled": false
            },
            "btcturk": {
                "enabled": false
            },
            "bybit": {
                "enabled": false
            },
            "coinbasepro": {
                "enabled": false
            },
            "ftx": {
                "enabled": false
            },
            "kraken": {
                "enabled": false
            },
            "kucoin": {
                "enabled": false
            }
        },
        "trader": {
            "enabled": false,
            "load-trade-history": false
        },
        "trader-simulator": {
            "enabled": true,
            "fees": {
                "maker": 0.1,
                "taker": 0.1
            },
            "starting-portfolio": {
                "BTC": 10,
                "USDT": 1000
            }
        },
        "trading": {
            "reference-market": "USDT",
            "risk": 0.5
        }
    },
    "profile": {
        "avatar": "default_profile.png",
        "description": "DailyTrading is a low risk versatile profile that catches buy and sell opportunities using RSI and moving average indicators.",
        "id": "c8f88edc-af01-43fd-93ef-ae7069127de6",
        "name": "DailyTrading_wsgdfgdfdqd",
        "read_only": false
    }
}