{
    "config": {
        "crypto-currencies": {
            "01coin": {
                "enabled": false,
                "pairs": [
                    "PLOP/DDD"
                ]
            },
            "Bitcoin": {
                "enabled": true,
                "pairs": [
                    "BTC/USDT"
                ]
            },
            "Ethereum": {
                "enabled": false,
                "pairs": [
                    "ETH/BTC"
                ]
            },
            "Trustswap": {
                "enabled": false,
                "pairs": [
                    "SWAP/USDT"
                ]
            },
            "VeChain": {
                "enabled": false,
                "pairs": [
                    "VET/BTC",
                    "VET/USDT"
                ]
            }
        },
        "exchanges": {
            "ascendex": {
                "enabled": false
            },
            "binance": {
                "enabled": true
            },
            "bitbay": {
                "enabled": false
            },
            "bittrex": {
                "enabled": false
            },
            "btcturk": {
                "enabled": false
            },
            "bybit": {
                "enabled": false
            },
            "coinbasepro": {
                "enabled": false
            },
            "ftx": {
                "enabled": false
            },
            "gateio": {
                "enabled": false
            },
            "huobi": {
                "enabled": false
            },
            "huobipro": {
                "enabled": false
            },
            "kraken": {
                "enabled": false
            },
            "kucoin": {
                "enabled": false
            },
            "okex": {
                "enabled": false
            }
        },
        "trader": {
            "enabled": true,
            "load-trade-history": true
        },
        "trader-simulator": {
            "enabled": false,
            "fees": {
                "maker": 0.1,
                "taker": 0.1
            },
            "starting-portfolio": {
                "BTC": 10,
                "USDT": 1000
            }
        },
        "trading": {
            "reference-market": "USDT",
            "risk": 0.5
        }
    },
    "profile": {
        "avatar": "default_profile.png",
        "description": "DipAnalyser is a profile adapted to volatile markets. It will look for local market bottoms, weight them and buy these bottoms. It never sells except after a buy order is filled.",
        "id": "1c133eb0-2f53-4476-b187-f98eed803483",
        "name": "Dip Analyser_(copy)",
        "read_only": false
    }
}